{ 
  "_id": "daae837fbd3643b493d0c72071013cdd",
  "_rev": "1-aa3e362366776ccb0eeecb9fb8fab9ee",
  "name": "Test Set 1",
  "type": "set",
  "created": "Thu Jun 06 2013 13:37:20 GMT+0100 (BST)",
  "author": "Arthur Dent",
  "bundles": 
    [ 
      {
        "_id": "d16e837fbd3643b493d0c72071013c8c",
        "_rev": "1-d63e362366776ccb0eeecb9fb8fab98c",
        "title": "Monday 11",
        "questionType": "split_x_y_eq_grps",
        "tool": "DistributionTool",
        "vars": {
          "x": {
            "values": [
              4,
              6,
              8
            ]
          },
          "y": {
            "values": [
              2
            ]
          }
        },
        "numQuestions": "5",
        "type": "bundle",
        "created": "Mon Jun 10 2013 11:42:29 GMT+0100 (BST)",
        "author": "Alan Turing"
      },
      {
        "_id": "d16e837fbd3643b493d0c720710132ee",
        "_rev": "1-e0502c597c5ce63c583598b6daee17cd",
        "title": "Split BIG x into 2 equal groups",
        "questionType": "split_x_y_eq_grps",
        "tool": "DistributionTool",
        "vars": {
          "x": {
            "values": [
              16,
              18,
              20
            ]
          },
          "y": {
            "values": [
              2
            ]
          }
        },
        "numQuestions": "1",
        "type": "bundle",
        "created": "Thu Jun 06 2013 13:37:20 GMT+0100 (BST)",
        "author": "James Dean"
      }
    ]
}
